Program;Version;UncFdpMax;NoUncFdpMax;Status;SubFdpMax;NoSubFdpMax;LessFdpUnc;MoreFdpUnc;FdpMaxDF
Chart;11b;0.062500;5;clear;0.062500;20;False;False;0.062500
Chart;12b;0.250000;4;clear;0.000000;0;False;True;0.250000
Chart;13b;1.000000;130;clear;1.000000;26;False;False;1.000000
Chart;14b;0.133333;4;clear;0.000000;0;False;True;0.133333
Chart;15b;1.000000;5;clear;0.000000;0;False;True;1.000000
Chart;16b;0.571429;4;clear;0.000000;0;False;True;0.571429
Chart;17b;0.500000;2;clear;0.000000;0;False;True;0.500000
Chart;18b;1.000000;14;clear;1.000000;4;False;False;1.000000
Chart;19b;1.000000;2;clear;1.000000;3;False;False;1.000000
Chart;1b;1.000000;3;clear;0.000000;0;False;True;1.000000
Chart;20b;0.007874;22;clear;0.007874;3;False;False;0.007874
Chart;21b;1.000000;5;clear;1.000000;8;False;False;1.000000
Chart;22b;1.000000;2;clear;1.000000;12;False;False;1.000000
Chart;23b;1.000000;7;clear;0.000000;0;False;True;1.000000
Chart;24b;0.100000;6;clear;0.000000;0;False;True;0.100000
Chart;25b;1.000000;33;clear;1.000000;53;False;False;1.000000
Chart;26b;1.000000;73;clear;1.000000;115;False;False;1.000000
Chart;2b;1.000000;5;clear;0.000000;0;False;True;1.000000
Chart;3b;0.333333;3;clear;0.333333;17;False;False;0.333333
Chart;4b;1.000000;3;clear;1.000000;2;False;False;1.000000
Chart;5b;0.500000;7;clear;0.000000;0;False;True;0.500000
Chart;7b;0.200000;10;clear;0.200000;4;False;False;0.200000
Chart;9b;0.500000;2;clear;0.000000;0;False;True;0.500000
Cli;10b;1.000000;1;clear;0.000000;0;False;True;1.000000
Cli;11b;1.000000;3;clear;1.000000;1;False;False;1.000000
Cli;12b;0.500000;6;clear;0.000000;0;False;True;0.500000
Cli;13b;1.000000;1;clear;1.000000;2;False;False;1.000000
Cli;14b;1.000000;1;clear;1.000000;2;False;False;1.000000
Cli;15b;1.000000;1;clear;1.000000;2;False;False;1.000000
Cli;16b;1.000000;1;clear;1.000000;2;False;False;1.000000
Cli;17b;1.000000;1;clear;1.000000;3;False;False;1.000000
Cli;18b;1.000000;2;clear;1.000000;3;False;False;1.000000
Cli;19b;1.000000;1;clear;0.000000;0;False;True;1.000000
Cli;1b;0.062500;2;clear;0.062500;6;False;False;0.062500
Cli;20b;0.500000;7;clear;0.000000;0;False;True;0.500000
Cli;21b;1.000000;1;clear;1.000000;2;False;False;1.000000
Cli;22b;0.400000;3;clear;0.000000;0;False;True;0.400000
Cli;23b;1.000000;3;clear;0.000000;0;False;True;1.000000
Cli;24b;1.000000;2;clear;0.000000;0;False;True;1.000000
Cli;25b;1.000000;2;clear;1.000000;4;False;False;1.000000
Cli;26b;0.500000;3;clear;0.000000;0;False;True;0.500000
Cli;27b;0.200000;1;clear;0.000000;0;False;True;0.200000
Cli;28b;1.000000;3;clear;1.000000;3;False;False;1.000000
Cli;29b;1.000000;2;clear;0.000000;0;False;True;1.000000
Cli;2b;0.500000;4;clear;0.500000;1;False;False;0.500000
Cli;30b;0.714286;5;clear;0.714286;2;False;False;0.714286
Cli;31b;0.333333;1;clear;0.333333;4;False;False;0.333333
Cli;32b;1.000000;4;clear;1.000000;18;False;False;1.000000
Cli;33b;0.200000;6;clear;0.000000;0;False;True;0.200000
Cli;34b;1.000000;2;clear;0.000000;0;False;True;1.000000
Cli;35b;0.200000;2;clear;0.000000;0;False;True;0.200000
Cli;36b;0.125000;4;clear;0.000000;0;False;True;0.125000
Cli;37b;0.500000;6;clear;0.000000;0;False;True;0.500000
Cli;38b;0.333333;6;clear;0.000000;0;False;True;0.333333
Cli;39b;1.000000;7;clear;0.000000;0;False;True;1.000000
Cli;3b;1.000000;44;clear;1.000000;57;False;False;1.000000
Cli;40b;1.000000;2;clear;0.000000;0;False;True;1.000000
Cli;4b;0.500000;3;clear;0.500000;6;False;False;0.500000
Cli;5b;0.250000;2;clear;0.000000;0;False;True;0.250000
Cli;7b;1.000000;19;clear;1.000000;56;False;False;1.000000
Cli;8b;0.333333;1;clear;0.000000;0;False;True;0.333333
Cli;9b;1.000000;1;clear;0.000000;0;False;True;1.000000
Closure;100b;0.454545;5;clear;0.000000;0;False;True;0.454545
Closure;101b;1.000000;4;clear;0.000000;0;False;True;1.000000
Closure;102b;1.000000;5;clear;0.000000;0;False;True;1.000000
Closure;103b;0.500000;5;clear;0.000000;0;False;True;0.500000
Closure;104b;1.000000;13;clear;1.000000;10;False;False;1.000000
Closure;105b;1.000000;23;clear;1.000000;25;False;False;1.000000
Closure;106b;1.000000;35;clear;1.000000;28;False;False;1.000000
Closure;107b;0.500000;3;clear;0.000000;0;False;True;0.500000
Closure;108b;0.200000;3;clear;0.000000;0;False;True;0.200000
Closure;109b;0.005780;2;clear;0.000000;0;False;True;0.005780
Closure;10b;1.000000;5;clear;0.000000;0;False;True;1.000000
Closure;110b;0.666667;6;clear;0.000000;0;False;True;0.666667
Closure;111b;0.125000;1;clear;0.125000;4;False;False;0.125000
Closure;112b;0.250000;2;clear;0.250000;1;False;False;0.250000
Closure;113b;0.250000;1;clear;0.000000;0;False;True;0.250000
Closure;114b;0.125000;8;clear;0.000000;0;False;True;0.125000
Closure;115b;1.000000;1;clear;0.000000;0;False;True;1.000000
Closure;116b;0.500000;1;clear;0.500000;10;False;False;0.500000
Closure;117b;0.166667;1;clear;0.000000;0;False;True;0.166667
Closure;118b;0.142857;1;clear;0.142857;13;False;False;0.142857
Closure;119b;1.000000;3;clear;1.000000;2;False;False;1.000000
Closure;11b;1.000000;1;clear;0.000000;0;False;True;1.000000
Closure;120b;0.125000;8;clear;0.000000;0;False;True;0.125000
Closure;121b;0.125000;8;clear;0.000000;0;False;True;0.125000
Closure;122b;0.093750;1;clear;0.000000;0;False;True;0.093750
Closure;123b;1.000000;2;clear;0.000000;0;False;True;1.000000
Closure;124b;0.333333;1;clear;0.000000;0;False;True;0.333333
Closure;125b;0.500000;4;clear;0.000000;0;False;True;0.500000
Closure;126b;1.000000;6;clear;0.000000;0;False;True;1.000000
Closure;127b;1.000000;5;clear;0.000000;0;False;True;1.000000
Closure;128b;0.500000;1;clear;0.000000;0;False;True;0.500000
Closure;129b;0.500000;1;clear;0.500000;1;False;False;0.500000
Closure;12b;1.000000;2;clear;0.000000;0;False;True;1.000000
Closure;130b;0.250000;1;clear;0.000000;0;False;True;0.250000
Closure;131b;1.000000;3;clear;1.000000;1;False;False;1.000000
Closure;132b;1.000000;1;clear;0.000000;0;False;True;1.000000
Closure;133b;1.000000;4;clear;0.000000;0;False;True;1.000000
Closure;134b;1.000000;1;clear;0.000000;0;False;True;1.000000
Closure;135b;1.000000;3;clear;1.000000;12;False;False;1.000000
Closure;136b;1.000000;6;clear;1.000000;1;False;False;1.000000
Closure;138b;1.000000;1;clear;0.000000;0;False;True;1.000000
Closure;139b;1.000000;2;clear;0.000000;0;False;True;1.000000
Closure;13b;1.000000;4;clear;0.000000;0;False;True;1.000000
Closure;140b;1.000000;5;clear;1.000000;5;False;False;1.000000
Closure;141b;1.000000;7;clear;0.000000;0;False;True;1.000000
Closure;142b;1.000000;2;clear;1.000000;1;False;False;1.000000
Closure;144b;1.000000;58;clear;1.000000;43;False;False;1.000000
Closure;145b;0.500000;1;clear;0.000000;0;False;True;0.500000
Closure;146b;1.000000;2;clear;0.000000;0;False;True;1.000000
Closure;147b;1.000000;12;clear;0.000000;0;False;True;1.000000
Closure;148b;1.000000;18;clear;1.000000;12;False;False;1.000000
Closure;149b;0.043478;1;clear;0.000000;0;False;True;0.043478
Closure;14b;1.000000;2;clear;1.000000;4;False;False;1.000000
Closure;150b;0.083333;2;clear;0.000000;0;False;True;0.083333
Closure;151b;1.000000;2;clear;0.000000;0;False;True;1.000000
Closure;152b;1.000000;8;clear;0.000000;0;False;True;1.000000
Closure;153b;0.666667;6;clear;0.000000;0;False;True;0.666667
Closure;154b;0.037037;1;clear;0.000000;0;False;True;0.037037
Closure;155b;1.000000;2;clear;0.000000;0;False;True;1.000000
Closure;156b;1.000000;2;clear;0.000000;0;False;True;1.000000
Closure;157b;1.000000;8;clear;0.000000;0;False;True;1.000000
Closure;158b;0.400000;2;clear;0.000000;0;False;True;0.400000
Closure;159b;1.000000;3;clear;0.000000;0;False;True;1.000000
Closure;15b;1.000000;3;clear;1.000000;1;False;False;1.000000
Closure;160b;1.000000;3;clear;0.000000;0;False;True;1.000000
Closure;161b;1.000000;2;clear;0.000000;0;False;True;1.000000
Closure;162b;0.500000;3;clear;0.000000;0;False;True;0.500000
Closure;163b;1.000000;1;clear;0.000000;0;False;True;1.000000
Closure;164b;1.000000;6;clear;1.000000;2;False;False;1.000000
Closure;165b;0.333333;7;clear;0.333333;10;False;False;0.333333
Closure;166b;0.062500;3;clear;0.000000;0;False;True;0.062500
Closure;167b;0.250000;1;clear;0.000000;0;False;True;0.250000
Closure;168b;0.071429;1;clear;0.000000;0;False;True;0.071429
Closure;169b;1.000000;2;clear;0.000000;0;False;True;1.000000
Closure;16b;0.500000;1;clear;0.000000;0;False;True;0.500000
Closure;170b;1.000000;1;clear;0.000000;0;False;True;1.000000
Closure;171b;0.333333;1;clear;0.333333;3;False;False;0.333333
Closure;172b;0.200000;1;clear;0.000000;0;False;True;0.200000
Closure;173b;1.000000;2;clear;0.000000;0;False;True;1.000000
Closure;174b;1.000000;2;clear;0.000000;0;False;True;1.000000
Closure;175b;0.300000;8;clear;0.000000;0;False;True;0.300000
Closure;176b;0.010526;2;clear;0.000000;0;False;True;0.010526
Closure;17b;0.142857;3;clear;0.000000;0;False;True;0.142857
Closure;18b;0.333333;6;clear;0.000000;0;False;True;0.333333
Closure;19b;1.000000;3;clear;0.000000;0;False;True;1.000000
Closure;1b;1.000000;5;clear;0.000000;0;False;True;1.000000
Closure;20b;1.000000;6;clear;1.000000;4;False;False;1.000000
Closure;21b;1.000000;4;clear;0.000000;0;False;True;1.000000
Closure;22b;1.000000;4;clear;0.000000;0;False;True;1.000000
Closure;23b;1.000000;4;clear;1.000000;14;False;False;1.000000
Closure;24b;1.000000;1;clear;1.000000;5;False;False;1.000000
Closure;25b;0.050000;1;clear;0.000000;0;False;True;0.050000
Closure;26b;1.000000;27;clear;1.000000;15;False;False;1.000000
Closure;27b;1.000000;2;clear;0.000000;0;False;True;1.000000
Closure;28b;1.000000;1;clear;0.000000;0;False;True;1.000000
Closure;29b;1.000000;8;clear;0.000000;0;False;True;1.000000
Closure;2b;0.200000;4;clear;0.000000;0;False;True;0.200000
Closure;30b;1.000000;3;clear;0.000000;0;False;True;1.000000
Closure;31b;1.000000;3;notclear;0.000000;0;False;True;1.000000
Closure;32b;0.600000;1;clear;0.000000;0;False;True;0.600000
Closure;33b;0.200000;5;clear;0.200000;3;False;False;0.200000
Closure;34b;0.003584;1;clear;0.000000;0;False;True;0.003584
Closure;35b;1.000000;1;clear;0.000000;0;False;True;1.000000
Closure;36b;1.000000;4;clear;0.000000;0;False;True;1.000000
Closure;37b;0.500000;5;clear;0.000000;0;False;True;0.500000
Closure;38b;0.250000;2;clear;0.000000;0;False;True;0.250000
Closure;39b;0.333333;2;clear;0.000000;0;False;True;0.333333
Closure;3b;0.500000;1;clear;0.000000;0;False;True;0.500000
Closure;40b;1.000000;1;clear;0.000000;0;False;True;1.000000
Closure;41b;0.142857;2;clear;0.142857;3;False;False;0.142857
Closure;42b;0.015625;1;clear;0.000000;0;False;True;0.015625
Closure;43b;0.666667;7;clear;0.000000;0;False;True;0.666667
Closure;44b;0.125000;1;clear;0.000000;0;False;True;0.125000
Closure;45b;0.500000;1;clear;0.000000;0;False;True;0.500000
Closure;46b;1.000000;5;clear;0.000000;0;False;True;1.000000
Closure;47b;1.000000;147;clear;1.000000;149;False;False;1.000000
Closure;48b;0.500000;1;clear;0.000000;0;False;True;0.500000
Closure;49b;1.000000;41;clear;1.000000;4;False;False;1.000000
Closure;4b;0.428571;2;clear;0.428571;6;False;False;0.428571
Closure;50b;1.000000;8;clear;1.000000;12;False;False;1.000000
Closure;51b;0.027778;3;clear;0.000000;0;False;True;0.027778
Closure;52b;0.250000;1;clear;0.000000;0;False;True;0.250000
Closure;53b;0.250000;3;clear;0.000000;0;False;True;0.250000
Closure;54b;0.166667;1;clear;0.000000;0;False;True;0.166667
Closure;55b;1.000000;2;clear;0.000000;0;False;True;1.000000
Closure;56b;0.000000;0;notclear;1.000000;13;True;False;1.000000
Closure;57b;0.083333;3;clear;0.083333;8;False;False;0.083333
Closure;58b;0.071429;12;clear;0.000000;0;False;True;0.071429
Closure;59b;0.250000;5;clear;0.000000;0;False;True;0.250000
Closure;5b;0.500000;1;clear;0.000000;0;False;True;0.500000
Closure;60b;0.500000;11;clear;0.000000;0;False;True;0.500000
Closure;61b;0.750000;8;clear;0.000000;0;False;True;0.750000
Closure;62b;1.000000;2;clear;0.000000;0;False;True;1.000000
Closure;64b;0.333333;21;clear;0.333333;6;False;False;0.333333
Closure;65b;1.000000;2;clear;0.000000;0;False;True;1.000000
Closure;66b;0.500000;1;clear;0.000000;0;False;True;0.500000
Closure;67b;1.000000;1;clear;0.000000;0;False;True;1.000000
Closure;68b;0.500000;3;clear;0.500000;2;False;False;0.500000
Closure;69b;0.111111;9;clear;0.111111;2;False;False;0.111111
Closure;6b;1.000000;5;clear;1.000000;7;False;False;1.000000
Closure;70b;0.333333;1;clear;0.000000;0;False;True;0.333333
Closure;71b;0.500000;2;clear;0.500000;6;False;False;0.500000
Closure;72b;0.500000;8;clear;0.000000;0;False;True;0.500000
Closure;73b;0.500000;1;clear;0.000000;0;False;True;0.500000
Closure;74b;1.000000;16;clear;1.000000;2;False;False;1.000000
Closure;75b;1.000000;5;clear;0.000000;0;False;True;1.000000
Closure;76b;1.000000;3;clear;0.000000;0;False;True;1.000000
Closure;77b;1.000000;1;clear;0.000000;0;False;True;1.000000
Closure;78b;1.000000;3;clear;0.000000;0;False;True;1.000000
Closure;79b;0.800000;2;clear;0.000000;0;False;True;0.800000
Closure;7b;0.666667;4;clear;0.666667;8;False;False;0.666667
Closure;80b;1.000000;14;clear;1.000000;1;False;False;1.000000
Closure;81b;0.007042;4;clear;0.000000;0;False;True;0.007042
Closure;82b;0.142857;1;clear;0.000000;0;False;True;0.142857
Closure;83b;1.000000;2;clear;0.000000;0;False;True;1.000000
Closure;84b;1.000000;3;clear;0.000000;0;False;True;1.000000
Closure;85b;1.000000;6;clear;0.000000;0;False;True;1.000000
Closure;86b;1.000000;4;clear;1.000000;2;False;False;1.000000
Closure;87b;0.500000;6;clear;0.000000;0;False;True;0.500000
Closure;88b;1.000000;4;clear;0.000000;0;False;True;1.000000
Closure;89b;1.000000;2;clear;0.000000;0;False;True;1.000000
Closure;8b;0.333333;7;clear;0.333333;4;False;False;0.333333
Closure;90b;0.500000;10;clear;0.000000;0;False;True;0.500000
Closure;91b;0.200000;1;clear;0.000000;0;False;True;0.200000
Closure;92b;1.000000;3;clear;0.000000;0;False;True;1.000000
Closure;94b;0.500000;1;clear;0.000000;0;False;True;0.500000
Closure;95b;0.285714;1;clear;0.000000;0;False;True;0.285714
Closure;96b;0.047619;5;clear;0.000000;0;False;True;0.047619
Closure;97b;1.000000;4;clear;0.000000;0;False;True;1.000000
Closure;98b;0.500000;7;clear;0.000000;0;False;True;0.500000
Closure;99b;0.500000;1;clear;0.000000;0;False;True;0.500000
Closure;9b;1.000000;8;clear;0.000000;0;False;True;1.000000
Codec;10b;0.090909;3;clear;0.090909;1;False;False;0.090909
Codec;11b;0.500000;2;clear;0.000000;0;False;True;0.500000
Codec;12b;1.000000;1;clear;0.000000;0;False;True;1.000000
Codec;13b;0.400000;1;clear;0.000000;0;False;True;0.400000
Codec;14b;0.200000;1;clear;0.200000;1;False;False;0.200000
Codec;15b;1.000000;1;clear;0.000000;0;False;True;1.000000
Codec;16b;1.000000;5;clear;0.000000;0;False;True;1.000000
Codec;17b;0.333333;1;clear;0.000000;0;False;True;0.333333
Codec;18b;1.000000;9;clear;1.000000;13;False;False;1.000000
Codec;1b;0.500000;2;clear;0.000000;0;False;True;0.500000
Codec;2b;0.666667;2;clear;0.000000;0;False;True;0.666667
Codec;3b;0.500000;7;clear;0.500000;2;False;False;0.500000
Codec;4b;0.666667;1;clear;0.666667;1;False;False;0.666667
Codec;5b;0.333333;24;clear;0.333333;8;False;False;0.333333
Codec;6b;0.250000;11;clear;0.250000;1;False;False;0.250000
Codec;7b;0.250000;2;clear;0.000000;0;False;True;0.250000
Codec;8b;0.500000;4;clear;0.500000;5;False;False;0.500000
Codec;9b;0.500000;4;clear;0.000000;0;False;True;0.500000
Collections;25b;1.000000;1;clear;0.000000;0;False;True;1.000000
Collections;26b;0.007692;3;clear;0.000000;0;False;True;0.007692
Collections;27b;0.016129;3;clear;0.000000;0;False;True;0.016129
Collections;28b;1.000000;2;clear;0.000000;0;False;True;1.000000
Compress;10b;1.000000;13;clear;0.000000;0;False;True;1.000000
Compress;11b;1.000000;1;clear;0.000000;0;False;True;1.000000
Compress;12b;0.500000;2;clear;0.500000;4;False;False;0.500000
Compress;13b;0.500000;1;clear;0.000000;0;False;True;0.500000
Compress;14b;0.500000;2;clear;0.000000;0;False;True;0.500000
Compress;15b;1.000000;1;clear;0.000000;0;False;True;1.000000
Compress;16b;1.000000;1;clear;1.000000;3;False;False;1.000000
Compress;17b;0.500000;1;clear;0.000000;0;False;True;0.500000
Compress;18b;1.000000;9;clear;0.000000;0;False;True;1.000000
Compress;19b;1.000000;19;clear;1.000000;1;False;False;1.000000
Compress;1b;1.000000;27;clear;1.000000;3;False;False;1.000000
Compress;20b;1.000000;3;clear;0.000000;0;False;True;1.000000
Compress;21b;1.000000;14;clear;1.000000;14;False;False;1.000000
Compress;22b;1.000000;53;clear;1.000000;24;False;False;1.000000
Compress;23b;1.000000;5;clear;0.000000;0;False;True;1.000000
Compress;24b;1.000000;6;clear;0.000000;0;False;True;1.000000
Compress;25b;1.000000;10;clear;0.000000;0;False;True;1.000000
Compress;26b;0.200000;1;clear;0.000000;0;False;True;0.200000
Compress;27b;1.000000;9;clear;1.000000;4;False;False;1.000000
Compress;28b;1.000000;4;clear;0.000000;0;False;True;1.000000
Compress;29b;1.000000;58;clear;1.000000;1;False;False;1.000000
Compress;2b;1.000000;4;clear;0.000000;0;False;True;1.000000
Compress;30b;1.000000;165;clear;1.000000;228;False;False;1.000000
Compress;31b;1.000000;7;clear;1.000000;4;False;False;1.000000
Compress;32b;0.500000;4;clear;0.000000;0;False;True;0.500000
Compress;33b;1.000000;8;clear;0.000000;0;False;True;1.000000
Compress;34b;0.333333;5;clear;0.333333;3;False;False;0.333333
Compress;35b;0.333333;2;clear;0.000000;0;False;True;0.333333
Compress;36b;1.000000;3;clear;0.000000;0;False;True;1.000000
Compress;37b;0.333333;2;clear;0.333333;1;False;False;0.333333
Compress;38b;1.000000;1;clear;0.000000;0;False;True;1.000000
Compress;39b;0.333333;7;clear;0.333333;11;False;False;0.333333
Compress;3b;1.000000;6;clear;0.000000;0;False;True;1.000000
Compress;40b;0.200000;3;clear;0.200000;14;False;False;0.200000
Compress;41b;0.142857;1;clear;0.142857;5;False;False;0.142857
Compress;42b;0.500000;1;clear;0.000000;0;False;True;0.500000
Compress;43b;0.333333;4;clear;0.000000;0;False;True;0.333333
Compress;45b;1.000000;19;clear;1.000000;17;False;False;1.000000
Compress;46b;0.250000;4;clear;0.000000;0;False;True;0.250000
Compress;47b;0.333333;2;clear;0.000000;0;False;True;0.333333
Compress;4b;1.000000;13;clear;1.000000;18;False;False;1.000000
Compress;5b;1.000000;9;clear;1.000000;3;False;False;1.000000
Compress;6b;0.333333;2;clear;0.333333;8;False;False;0.333333
Compress;7b;0.100000;1;clear;0.000000;0;False;True;0.100000
Compress;8b;1.000000;1;clear;0.000000;0;False;True;1.000000
Compress;9b;0.200000;7;clear;0.000000;0;False;True;0.200000
Csv;10b;0.200000;7;clear;0.000000;0;False;True;0.200000
Csv;11b;0.500000;4;clear;0.500000;4;False;False;0.500000
Csv;12b;0.500000;2;clear;0.000000;0;False;True;0.500000
Csv;13b;0.500000;3;clear;0.500000;1;False;False;0.500000
Csv;14b;0.500000;1;clear;0.000000;0;False;True;0.500000
Csv;15b;0.200000;1;clear;0.000000;0;False;True;0.200000
Csv;16b;0.500000;1;clear;0.500000;2;False;False;0.500000
Csv;1b;0.500000;3;clear;0.000000;0;False;True;0.500000
Csv;2b;0.022222;1;clear;0.022222;7;False;False;0.022222
Csv;3b;1.000000;4;clear;1.000000;3;False;False;1.000000
Csv;4b;0.027027;4;clear;0.000000;0;False;True;0.027027
Csv;5b;0.250000;7;clear;0.000000;0;False;True;0.250000
Csv;6b;0.333333;2;clear;0.000000;0;False;True;0.333333
Csv;7b;0.166667;2;clear;0.166667;6;False;False;0.166667
Csv;8b;1.000000;5;clear;0.000000;0;False;True;1.000000
Csv;9b;0.125000;2;clear;0.125000;2;False;False;0.125000
Gson;10b;0.166667;2;clear;0.166667;6;False;False;0.166667
Gson;11b;0.333333;3;clear;0.000000;0;False;True;0.333333
Gson;12b;0.500000;5;clear;0.000000;0;False;True;0.500000
Gson;13b;0.250000;1;clear;0.000000;0;False;True;0.250000
Gson;14b;1.000000;25;clear;1.000000;21;False;False;1.000000
Gson;15b;0.500000;1;clear;0.500000;1;False;False;0.500000
Gson;16b;0.500000;2;clear;0.500000;2;False;False;0.500000
Gson;17b;1.000000;2;clear;0.000000;0;False;True;1.000000
Gson;18b;0.250000;4;clear;0.250000;6;False;False;0.250000
Gson;1b;1.000000;18;clear;0.000000;0;False;True;1.000000
Gson;2b;0.076923;5;clear;0.000000;0;False;True;0.076923
Gson;3b;0.500000;2;clear;0.000000;0;False;True;0.500000
Gson;4b;1.000000;1;clear;0.000000;0;False;True;1.000000
Gson;5b;1.000000;17;clear;1.000000;39;False;False;1.000000
Gson;6b;0.008475;4;clear;0.008475;2;False;False;0.008475
Gson;7b;0.333333;1;clear;0.333333;1;False;False;0.333333
Gson;9b;0.032258;1;clear;0.000000;0;False;True;0.032258
JacksonCore;10b;1.000000;11;clear;1.000000;15;False;False;1.000000
JacksonCore;11b;1.000000;8;clear;1.000000;9;False;False;1.000000
JacksonCore;12b;0.500000;6;clear;0.000000;0;False;True;0.500000
JacksonCore;13b;1.000000;7;clear;1.000000;1;False;False;1.000000
JacksonCore;14b;1.000000;4;clear;1.000000;2;False;False;1.000000
JacksonCore;15b;0.333333;2;clear;0.000000;0;False;True;0.333333
JacksonCore;16b;0.500000;12;clear;0.500000;5;False;False;0.500000
JacksonCore;17b;0.333333;5;clear;0.333333;27;False;False;0.333333
JacksonCore;18b;1.000000;4;clear;1.000000;18;False;False;1.000000
JacksonCore;1b;1.000000;3;clear;1.000000;2;False;False;1.000000
JacksonCore;20b;0.030769;1;clear;0.030769;2;False;False;0.030769
JacksonCore;21b;1.000000;24;clear;1.000000;9;False;False;1.000000
JacksonCore;22b;1.000000;13;clear;1.000000;16;False;False;1.000000
JacksonCore;24b;1.000000;8;clear;1.000000;5;False;False;1.000000
JacksonCore;26b;0.026316;1;clear;0.026316;1;False;False;0.026316
JacksonCore;2b;0.142857;1;clear;0.000000;0;False;True;0.142857
JacksonCore;3b;0.500000;3;clear;0.500000;7;False;False;0.500000
JacksonCore;4b;1.000000;1;clear;0.000000;0;False;True;1.000000
JacksonCore;6b;0.500000;2;clear;0.500000;3;False;False;0.500000
JacksonCore;7b;0.333333;4;clear;0.000000;0;False;True;0.333333
JacksonCore;8b;0.020000;4;clear;0.000000;0;False;True;0.020000
JacksonCore;9b;1.000000;10;clear;1.000000;9;False;False;1.000000
JacksonDatabind;100b;0.250000;10;clear;0.250000;2;False;False;0.250000
JacksonDatabind;101b;1.000000;5;clear;1.000000;7;False;False;1.000000
JacksonDatabind;102b;0.500000;6;clear;0.500000;1;False;False;0.500000
JacksonDatabind;103b;0.333333;1;clear;0.333333;4;False;False;0.333333
JacksonDatabind;104b;0.500000;3;clear;0.000000;0;False;True;0.500000
JacksonDatabind;105b;0.250000;1;clear;0.000000;0;False;True;0.250000
JacksonDatabind;106b;0.500000;1;clear;0.000000;0;False;True;0.500000
JacksonDatabind;107b;1.000000;3;clear;1.000000;2;False;False;1.000000
JacksonDatabind;108b;0.500000;3;clear;0.000000;0;False;True;0.500000
JacksonDatabind;109b;0.000000;0;notclear;1.000000;10;True;False;1.000000
JacksonDatabind;10b;0.200000;1;clear;0.000000;0;False;True;0.200000
JacksonDatabind;110b;0.500000;3;clear;0.000000;0;False;True;0.500000
JacksonDatabind;111b;0.166667;4;clear;0.000000;0;False;True;0.166667
JacksonDatabind;112b;0.500000;1;clear;0.000000;0;False;True;0.500000
JacksonDatabind;11b;1.000000;9;clear;1.000000;9;False;False;1.000000
JacksonDatabind;12b;0.250000;9;clear;0.000000;0;False;True;0.250000
JacksonDatabind;13b;1.000000;1;clear;1.000000;4;False;False;1.000000
JacksonDatabind;14b;1.000000;2;clear;0.000000;0;False;True;1.000000
JacksonDatabind;15b;0.333333;2;clear;0.000000;0;False;True;0.333333
JacksonDatabind;16b;1.000000;1;clear;0.000000;0;False;True;1.000000
JacksonDatabind;17b;1.000000;6;clear;1.000000;2;False;False;1.000000
JacksonDatabind;18b;1.000000;1;clear;1.000000;2;False;False;1.000000
JacksonDatabind;19b;0.166667;1;clear;0.000000;0;False;True;0.166667
JacksonDatabind;1b;1.000000;6;clear;1.000000;1;False;False;1.000000
JacksonDatabind;20b;0.500000;2;clear;0.500000;5;False;False;0.500000
JacksonDatabind;21b;0.250000;3;clear;0.000000;0;False;True;0.250000
JacksonDatabind;22b;0.250000;1;clear;0.000000;0;False;True;0.250000
JacksonDatabind;23b;1.000000;1;clear;0.000000;0;False;True;1.000000
JacksonDatabind;24b;0.500000;6;clear;0.500000;5;False;False;0.500000
JacksonDatabind;25b;1.000000;3;clear;0.000000;0;False;True;1.000000
JacksonDatabind;26b;1.000000;4;clear;0.000000;0;False;True;1.000000
JacksonDatabind;27b;1.000000;3;clear;0.000000;0;False;True;1.000000
JacksonDatabind;28b;1.000000;3;clear;0.000000;0;False;True;1.000000
JacksonDatabind;29b;1.000000;7;clear;0.000000;0;False;True;1.000000
JacksonDatabind;2b;1.000000;3;clear;0.000000;0;False;True;1.000000
JacksonDatabind;30b;1.000000;12;clear;1.000000;3;False;False;1.000000
JacksonDatabind;31b;0.014706;4;clear;0.000000;0;False;True;0.014706
JacksonDatabind;32b;1.000000;2;clear;0.000000;0;False;True;1.000000
JacksonDatabind;33b;0.000000;0;notclear;0.142857;1;True;False;0.142857
JacksonDatabind;34b;1.000000;19;clear;1.000000;10;False;False;1.000000
JacksonDatabind;35b;1.000000;12;clear;0.000000;0;False;True;1.000000
JacksonDatabind;36b;1.000000;2;clear;0.000000;0;False;True;1.000000
JacksonDatabind;37b;0.142857;7;clear;0.142857;6;False;False;0.142857
JacksonDatabind;38b;1.000000;1;clear;0.000000;0;False;True;1.000000
JacksonDatabind;39b;0.500000;2;clear;0.500000;5;False;False;0.500000
JacksonDatabind;3b;0.000000;0;notclear;0.500000;2;True;False;0.500000
JacksonDatabind;40b;0.250000;3;clear;0.000000;0;False;True;0.250000
JacksonDatabind;41b;1.000000;1;clear;1.000000;2;False;False;1.000000
JacksonDatabind;42b;1.000000;9;clear;0.000000;0;False;True;1.000000
JacksonDatabind;43b;0.500000;5;clear;0.000000;0;False;True;0.500000
JacksonDatabind;46b;1.000000;10;clear;1.000000;14;False;False;1.000000
JacksonDatabind;47b;1.000000;7;clear;1.000000;1;False;False;1.000000
JacksonDatabind;48b;1.000000;7;clear;0.000000;0;False;True;1.000000
JacksonDatabind;49b;1.000000;4;clear;0.000000;0;False;True;1.000000
JacksonDatabind;4b;1.000000;13;clear;1.000000;3;False;False;1.000000
JacksonDatabind;50b;1.000000;7;clear;1.000000;8;False;False;1.000000
JacksonDatabind;51b;1.000000;4;clear;1.000000;8;False;False;1.000000
JacksonDatabind;52b;0.500000;1;clear;0.000000;0;False;True;0.500000
JacksonDatabind;53b;0.500000;14;clear;0.500000;11;False;False;0.500000
JacksonDatabind;54b;1.000000;12;clear;0.000000;0;False;True;1.000000
JacksonDatabind;55b;0.111111;2;clear;0.000000;0;False;True;0.111111
JacksonDatabind;56b;1.000000;6;clear;0.000000;0;False;True;1.000000
JacksonDatabind;57b;1.000000;12;clear;1.000000;6;False;False;1.000000
JacksonDatabind;58b;0.058824;3;clear;0.000000;0;False;True;0.058824
JacksonDatabind;59b;1.000000;4;clear;0.000000;0;False;True;1.000000
JacksonDatabind;5b;1.000000;1;clear;1.000000;4;False;False;1.000000
JacksonDatabind;60b;1.000000;9;clear;1.000000;4;False;False;1.000000
JacksonDatabind;61b;0.000000;0;notclear;1.000000;10;True;False;1.000000
JacksonDatabind;62b;1.000000;3;clear;0.000000;0;False;True;1.000000
JacksonDatabind;63b;1.000000;2;clear;0.000000;0;False;True;1.000000
JacksonDatabind;64b;1.000000;2;clear;1.000000;10;False;False;1.000000
JacksonDatabind;65b;0.500000;1;clear;0.000000;0;False;True;0.500000
JacksonDatabind;66b;0.500000;5;clear;0.000000;0;False;True;0.500000
JacksonDatabind;67b;1.000000;1;clear;1.000000;2;False;False;1.000000
JacksonDatabind;68b;1.000000;2;clear;0.000000;0;False;True;1.000000
JacksonDatabind;69b;1.000000;2;clear;1.000000;4;False;False;1.000000
JacksonDatabind;6b;1.000000;2;clear;0.000000;0;False;True;1.000000
JacksonDatabind;70b;1.000000;1;clear;1.000000;1;False;False;1.000000
JacksonDatabind;71b;1.000000;3;clear;0.000000;0;False;True;1.000000
JacksonDatabind;72b;0.500000;4;clear;0.500000;14;False;False;0.500000
JacksonDatabind;73b;1.000000;12;clear;1.000000;3;False;False;1.000000
JacksonDatabind;74b;0.333333;2;clear;0.333333;1;False;False;0.333333
JacksonDatabind;75b;0.500000;6;clear;0.000000;0;False;True;0.500000
JacksonDatabind;76b;1.000000;1;clear;1.000000;7;False;False;1.000000
JacksonDatabind;77b;1.000000;1;clear;1.000000;8;False;False;1.000000
JacksonDatabind;78b;1.000000;2;clear;1.000000;8;False;False;1.000000
JacksonDatabind;79b;0.250000;7;clear;0.000000;0;False;True;0.250000
JacksonDatabind;7b;0.250000;1;clear;0.000000;0;False;True;0.250000
JacksonDatabind;80b;0.062500;1;clear;0.000000;0;False;True;0.062500
JacksonDatabind;81b;0.500000;11;clear;0.500000;4;False;False;0.500000
JacksonDatabind;82b;0.166667;7;clear;0.166667;4;False;False;0.166667
JacksonDatabind;83b;1.000000;17;clear;1.000000;13;False;False;1.000000
JacksonDatabind;84b;1.000000;3;clear;1.000000;1;False;False;1.000000
JacksonDatabind;85b;0.500000;1;clear;0.000000;0;False;True;0.500000
JacksonDatabind;86b;1.000000;3;clear;1.000000;1;False;False;1.000000
JacksonDatabind;87b;1.000000;1;clear;0.000000;0;False;True;1.000000
JacksonDatabind;88b;1.000000;4;clear;1.000000;8;False;False;1.000000
JacksonDatabind;89b;0.500000;1;clear;0.000000;0;False;True;0.500000
JacksonDatabind;8b;1.000000;3;clear;0.000000;0;False;True;1.000000
JacksonDatabind;90b;0.166667;2;clear;0.000000;0;False;True;0.166667
JacksonDatabind;91b;0.333333;1;clear;0.000000;0;False;True;0.333333
JacksonDatabind;92b;0.500000;2;clear;0.000000;0;False;True;0.500000
JacksonDatabind;93b;0.090909;1;clear;0.000000;0;False;True;0.090909
JacksonDatabind;94b;0.333333;1;clear;0.000000;0;False;True;0.333333
JacksonDatabind;96b;1.000000;4;clear;0.000000;0;False;True;1.000000
JacksonDatabind;97b;0.500000;1;clear;0.000000;0;False;True;0.500000
JacksonDatabind;98b;1.000000;1;clear;1.000000;1;False;False;1.000000
JacksonDatabind;99b;0.500000;12;clear;0.500000;1;False;False;0.500000
JacksonDatabind;9b;0.125000;5;clear;0.000000;0;False;True;0.125000
JacksonXml;1b;1.000000;10;clear;1.000000;1;False;False;1.000000
JacksonXml;2b;0.250000;9;clear;0.000000;0;False;True;0.250000
JacksonXml;3b;1.000000;1;clear;1.000000;4;False;False;1.000000
JacksonXml;4b;1.000000;7;clear;1.000000;2;False;False;1.000000
JacksonXml;5b;0.166667;2;clear;0.000000;0;False;True;0.166667
JacksonXml;6b;1.000000;4;clear;0.000000;0;False;True;1.000000
Jsoup;10b;0.062500;5;clear;0.000000;0;False;True;0.062500
Jsoup;11b;1.000000;6;clear;0.000000;0;False;True;1.000000
Jsoup;12b;1.000000;6;clear;0.000000;0;False;True;1.000000
Jsoup;13b;1.000000;1;clear;0.000000;0;False;True;1.000000
Jsoup;14b;1.000000;4;clear;0.000000;0;False;True;1.000000
Jsoup;15b;1.000000;3;clear;1.000000;4;False;False;1.000000
Jsoup;16b;1.000000;6;clear;0.000000;0;False;True;1.000000
Jsoup;17b;0.000000;0;notclear;0.500000;3;True;False;0.500000
Jsoup;18b;1.000000;1;clear;0.000000;0;False;True;1.000000
Jsoup;19b;1.000000;3;clear;1.000000;8;False;False;1.000000
Jsoup;1b;0.500000;8;clear;0.000000;0;False;True;0.500000
Jsoup;20b;0.000000;0;notclear;0.500000;6;True;False;0.500000
Jsoup;21b;0.285714;4;clear;0.000000;0;False;True;0.285714
Jsoup;22b;0.000000;0;notclear;0.095238;4;True;False;0.095238
Jsoup;23b;0.333333;3;clear;0.000000;0;False;True;0.333333
Jsoup;24b;1.000000;7;clear;0.000000;0;False;True;1.000000
Jsoup;25b;0.166667;1;clear;0.166667;10;False;False;0.166667
Jsoup;26b;1.000000;1;clear;1.000000;9;False;False;1.000000
Jsoup;27b;0.400000;3;clear;0.400000;3;False;False;0.400000
Jsoup;28b;1.000000;11;clear;1.000000;5;False;False;1.000000
Jsoup;29b;1.000000;4;clear;0.000000;0;False;True;1.000000
Jsoup;2b;0.333333;1;clear;0.333333;1;False;False;0.333333
Jsoup;30b;1.000000;3;clear;0.000000;0;False;True;1.000000
Jsoup;31b;0.500000;5;clear;0.000000;0;False;True;0.500000
Jsoup;32b;0.500000;4;clear;0.500000;8;False;False;0.500000
Jsoup;33b;0.500000;2;clear;0.000000;0;False;True;0.500000
Jsoup;34b;0.500000;3;clear;0.500000;1;False;False;0.500000
Jsoup;35b;0.500000;7;clear;0.500000;54;False;False;0.500000
Jsoup;36b;0.500000;1;clear;0.500000;3;False;False;0.500000
Jsoup;37b;0.333333;1;clear;0.000000;0;False;True;0.333333
Jsoup;38b;0.000000;0;notclear;1.000000;9;True;False;1.000000
Jsoup;39b;1.000000;1;clear;0.000000;0;False;True;1.000000
Jsoup;3b;0.333333;1;clear;0.333333;7;False;False;0.333333
Jsoup;40b;1.000000;1;clear;1.000000;8;False;False;1.000000
Jsoup;41b;0.500000;12;clear;0.500000;10;False;False;0.500000
Jsoup;42b;1.000000;12;clear;1.000000;10;False;False;1.000000
Jsoup;43b;0.333333;4;clear;0.333333;4;False;False;0.333333
Jsoup;44b;1.000000;10;clear;1.000000;4;False;False;1.000000
Jsoup;45b;1.000000;5;clear;1.000000;4;False;False;1.000000
Jsoup;46b;1.000000;4;clear;1.000000;1;False;False;1.000000
Jsoup;47b;0.500000;6;clear;0.000000;0;False;True;0.500000
Jsoup;48b;1.000000;4;clear;1.000000;1;False;False;1.000000
Jsoup;49b;0.500000;1;clear;0.500000;3;False;False;0.500000
Jsoup;4b;0.666667;2;clear;0.000000;0;False;True;0.666667
Jsoup;50b;1.000000;2;clear;0.000000;0;False;True;1.000000
Jsoup;51b;1.000000;1;clear;0.000000;0;False;True;1.000000
Jsoup;52b;1.000000;18;clear;1.000000;35;False;False;1.000000
Jsoup;53b;1.000000;7;clear;0.000000;0;False;True;1.000000
Jsoup;54b;1.000000;6;clear;0.000000;0;False;True;1.000000
Jsoup;55b;1.000000;5;clear;0.000000;0;False;True;1.000000
Jsoup;56b;1.000000;9;clear;1.000000;1;False;False;1.000000
Jsoup;57b;1.000000;2;clear;0.000000;0;False;True;1.000000
Jsoup;58b;1.000000;10;clear;1.000000;5;False;False;1.000000
Jsoup;59b;0.500000;7;clear;0.000000;0;False;True;0.500000
Jsoup;5b;0.500000;5;clear;0.000000;0;False;True;0.500000
Jsoup;60b;1.000000;1;clear;0.000000;0;False;True;1.000000
Jsoup;61b;0.200000;1;clear;0.000000;0;False;True;0.200000
Jsoup;62b;1.000000;5;clear;1.000000;5;False;False;1.000000
Jsoup;63b;1.000000;7;clear;0.000000;0;False;True;1.000000
Jsoup;64b;0.400000;6;clear;0.000000;0;False;True;0.400000
Jsoup;65b;1.000000;9;clear;1.000000;3;False;False;1.000000
Jsoup;66b;0.500000;2;clear;0.000000;0;False;True;0.500000
Jsoup;67b;0.000000;0;notclear;0.142857;22;True;False;0.142857
Jsoup;68b;1.000000;1;clear;1.000000;3;False;False;1.000000
Jsoup;69b;1.000000;6;clear;0.000000;0;False;True;1.000000
Jsoup;6b;1.000000;10;clear;1.000000;29;False;False;1.000000
Jsoup;70b;0.000000;0;notclear;0.333333;1;True;False;0.333333
Jsoup;71b;1.000000;6;clear;0.000000;0;False;True;1.000000
Jsoup;72b;1.000000;5;clear;0.000000;0;False;True;1.000000
Jsoup;73b;1.000000;6;clear;1.000000;3;False;False;1.000000
Jsoup;74b;0.200000;2;clear;0.200000;1;False;False;0.200000
Jsoup;75b;0.500000;3;clear;0.500000;2;False;False;0.500000
Jsoup;76b;0.500000;5;clear;0.000000;0;False;True;0.500000
Jsoup;77b;0.250000;3;clear;0.250000;5;False;False;0.250000
Jsoup;78b;0.250000;1;clear;0.250000;3;False;False;0.250000
Jsoup;79b;0.000000;0;notclear;0.005814;2;True;False;0.005814
Jsoup;7b;0.076923;6;clear;0.000000;0;False;True;0.076923
Jsoup;80b;1.000000;5;clear;0.000000;0;False;True;1.000000
Jsoup;81b;0.333333;2;clear;0.333333;2;False;False;0.333333
Jsoup;82b;0.200000;3;notclear;0.200000;4;False;False;0.200000
Jsoup;83b;0.500000;16;clear;0.000000;0;False;True;0.500000
Jsoup;84b;0.500000;1;clear;0.000000;0;False;True;0.500000
Jsoup;85b;0.001724;1;clear;0.000000;0;False;True;0.001724
Jsoup;86b;0.333333;6;clear;0.000000;0;False;True;0.333333
Jsoup;87b;1.000000;1;clear;0.000000;0;False;True;1.000000
Jsoup;88b;0.142857;1;clear;0.000000;0;False;True;0.142857
Jsoup;89b;1.000000;2;clear;0.000000;0;False;True;1.000000
Jsoup;8b;1.000000;2;clear;0.000000;0;False;True;1.000000
Jsoup;90b;0.022222;2;clear;0.000000;0;False;True;0.022222
Jsoup;91b;1.000000;3;clear;0.000000;0;False;True;1.000000
Jsoup;92b;0.333333;5;clear;0.000000;0;False;True;0.333333
Jsoup;93b;1.000000;9;clear;1.000000;10;False;False;1.000000
Jsoup;9b;0.500000;1;clear;0.000000;0;False;True;0.500000
JxPath;10b;1.000000;4;clear;0.000000;0;False;True;1.000000
JxPath;11b;0.500000;8;clear;0.500000;1;False;False;0.500000
JxPath;12b;1.000000;1;clear;0.000000;0;False;True;1.000000
JxPath;13b;1.000000;4;clear;0.000000;0;False;True;1.000000
JxPath;14b;1.000000;131;clear;1.000000;90;False;False;1.000000
JxPath;15b;0.400000;2;clear;0.400000;3;False;False;0.400000
JxPath;16b;1.000000;26;clear;1.000000;25;False;False;1.000000
JxPath;17b;1.000000;44;clear;1.000000;31;False;False;1.000000
JxPath;18b;1.000000;30;clear;1.000000;34;False;False;1.000000
JxPath;19b;0.500000;5;clear;0.500000;3;False;False;0.500000
JxPath;1b;0.666667;1;clear;0.000000;0;False;True;0.666667
JxPath;20b;1.000000;5;clear;0.000000;0;False;True;1.000000
JxPath;21b;1.000000;8;clear;1.000000;2;False;False;1.000000
JxPath;22b;1.000000;20;clear;1.000000;15;False;False;1.000000
JxPath;2b;1.000000;5;clear;0.000000;0;False;True;1.000000
JxPath;3b;0.200000;2;clear;0.000000;0;False;True;0.200000
JxPath;4b;0.600000;5;clear;0.000000;0;False;True;0.600000
JxPath;5b;1.000000;8;clear;1.000000;3;False;False;1.000000
JxPath;6b;1.000000;1;clear;1.000000;1;False;False;1.000000
JxPath;7b;1.000000;2;clear;0.000000;0;False;True;1.000000
JxPath;8b;1.000000;12;clear;1.000000;2;False;False;1.000000
JxPath;9b;1.000000;19;clear;1.000000;6;False;False;1.000000
Lang;10b;0.125000;1;clear;0.000000;0;False;True;0.125000
Lang;12b;1.000000;2;clear;0.000000;0;False;True;1.000000
Lang;13b;0.000000;0;notclear;0.166667;3;True;False;0.166667
Lang;14b;0.058824;5;clear;0.058824;3;False;False;0.058824
Lang;15b;1.000000;52;clear;1.000000;61;False;False;1.000000
Lang;16b;0.500000;17;clear;0.500000;24;False;False;0.500000
Lang;17b;0.071429;1;clear;0.071429;1;False;False;0.071429
Lang;18b;1.000000;15;clear;1.000000;17;False;False;1.000000
Lang;19b;1.000000;2;notclear;0.000000;0;False;True;1.000000
Lang;1b;0.250000;4;clear;0.250000;6;False;False;0.250000
Lang;20b;1.000000;4;clear;1.000000;1;False;False;1.000000
Lang;21b;1.000000;2;clear;1.000000;16;False;False;1.000000
Lang;22b;1.000000;23;clear;1.000000;21;False;False;1.000000
Lang;23b;0.250000;5;clear;0.250000;2;False;False;0.250000
Lang;24b;1.000000;90;clear;1.000000;112;False;False;1.000000
Lang;26b;1.000000;4;clear;0.000000;0;False;True;1.000000
Lang;27b;1.000000;7;clear;1.000000;7;False;False;1.000000
Lang;28b;0.500000;1;notclear;0.500000;2;False;False;0.500000
Lang;29b;1.000000;1;clear;1.000000;3;False;False;1.000000
Lang;30b;1.000000;1;clear;0.000000;0;False;True;1.000000
Lang;31b;0.500000;3;clear;0.000000;0;False;True;0.500000
Lang;32b;1.000000;1;clear;0.000000;0;False;True;1.000000
Lang;33b;1.000000;6;clear;1.000000;12;False;False;1.000000
Lang;34b;1.000000;19;clear;1.000000;16;False;False;1.000000
Lang;3b;0.333333;1;clear;0.333333;4;False;False;0.333333
Lang;4b;0.000000;0;notclear;0.333333;21;True;False;0.333333
Lang;56b;1.000000;91;clear;1.000000;109;False;False;1.000000
Lang;5b;0.500000;1;clear;0.000000;0;False;True;0.500000
Lang;7b;1.000000;13;clear;1.000000;9;False;False;1.000000
Lang;8b;1.000000;4;clear;1.000000;3;False;False;1.000000
Lang;9b;1.000000;1;clear;0.000000;0;False;True;1.000000
Math;100b;1.000000;1;clear;0.000000;0;False;True;1.000000
Math;101b;1.000000;2;clear;0.000000;0;False;True;1.000000
Math;102b;1.000000;8;clear;1.000000;26;False;False;1.000000
Math;103b;1.000000;2;clear;1.000000;3;False;False;1.000000
Math;104b;0.050000;2;clear;0.000000;0;False;True;0.050000
Math;105b;0.111111;29;clear;0.111111;8;False;False;0.111111
Math;106b;0.500000;1;clear;0.000000;0;False;True;0.500000
Math;10b;0.333333;3;clear;0.333333;24;False;False;0.333333
Math;11b;0.333333;6;clear;0.333333;22;False;False;0.333333
Math;12b;0.500000;14;clear;0.500000;13;False;False;0.500000
Math;13b;0.035714;2;clear;0.000000;0;False;True;0.035714
Math;14b;0.037037;2;clear;0.000000;0;False;True;0.037037
Math;15b;0.500000;1;clear;0.500000;2;False;False;0.500000
Math;16b;0.090909;4;clear;0.000000;0;False;True;0.090909
Math;17b;1.000000;57;clear;1.000000;30;False;False;1.000000
Math;18b;1.000000;2;clear;1.000000;3;False;False;1.000000
Math;19b;0.500000;11;clear;0.000000;0;False;True;0.500000
Math;1b;0.500000;12;clear;0.500000;14;False;False;0.500000
Math;20b;1.000000;24;clear;1.000000;14;False;False;1.000000
Math;21b;1.000000;5;clear;1.000000;18;False;False;1.000000
Math;22b;0.250000;6;clear;0.250000;3;False;False;0.250000
Math;23b;1.000000;2;clear;0.000000;0;False;True;1.000000
Math;24b;0.500000;1;clear;0.500000;14;False;False;0.500000
Math;25b;0.250000;8;clear;0.250000;2;False;False;0.250000
Math;26b;1.000000;6;clear;1.000000;3;False;False;1.000000
Math;27b;0.006711;1;clear;0.000000;0;False;True;0.006711
Math;28b;1.000000;5;clear;0.000000;0;False;True;1.000000
Math;29b;0.666667;5;clear;0.666667;2;False;False;0.666667
Math;2b;0.142857;5;clear;0.142857;1;False;False;0.142857
Math;30b;0.500000;6;clear;0.500000;12;False;False;0.500000
Math;31b;1.000000;3;clear;0.000000;0;False;True;1.000000
Math;32b;1.000000;4;clear;0.000000;0;False;True;1.000000
Math;33b;0.500000;5;clear;0.000000;0;False;True;0.500000
Math;34b;0.500000;7;clear;0.000000;0;False;True;0.500000
Math;35b;0.285714;5;clear;0.285714;2;False;False;0.285714
Math;36b;0.045455;3;clear;0.045455;9;False;False;0.045455
Math;37b;1.000000;3;clear;1.000000;1;False;False;1.000000
Math;38b;1.000000;9;clear;1.000000;45;False;False;1.000000
Math;39b;0.250000;1;clear;0.000000;0;False;True;0.250000
Math;40b;0.250000;5;clear;0.000000;0;False;True;0.250000
Math;41b;0.333333;25;clear;0.333333;42;False;False;0.333333
Math;42b;0.250000;1;clear;0.000000;0;False;True;0.250000
Math;43b;0.600000;2;clear;0.000000;0;False;True;0.600000
Math;44b;0.500000;1;clear;0.000000;0;False;True;0.500000
Math;45b;0.015873;3;clear;0.000000;0;False;True;0.015873
Math;46b;0.666667;2;clear;0.000000;0;False;True;0.666667
Math;47b;0.500000;3;clear;0.000000;0;False;True;0.500000
Math;48b;0.083333;5;clear;0.000000;0;False;True;0.083333
Math;49b;1.000000;3;clear;0.000000;0;False;True;1.000000
Math;4b;0.500000;2;clear;0.000000;0;False;True;0.500000
Math;50b;1.000000;2;clear;1.000000;10;False;False;1.000000
Math;51b;0.083333;5;clear;0.000000;0;False;True;0.083333
Math;52b;0.500000;5;clear;0.500000;27;False;False;0.500000
Math;53b;0.010204;1;clear;0.000000;0;False;True;0.010204
Math;54b;1.000000;4;clear;0.000000;0;False;True;1.000000
Math;56b;1.000000;14;clear;1.000000;55;False;False;1.000000
Math;57b;1.000000;2;clear;0.000000;0;False;True;1.000000
Math;58b;1.000000;5;clear;1.000000;3;False;False;1.000000
Math;59b;1.000000;8;clear;1.000000;7;False;False;1.000000
Math;5b;1.000000;3;clear;0.000000;0;False;True;1.000000
Math;60b;1.000000;9;clear;1.000000;11;False;False;1.000000
Math;61b;1.000000;3;clear;0.000000;0;False;True;1.000000
Math;62b;0.500000;13;clear;0.500000;40;False;False;0.500000
Math;63b;1.000000;15;clear;1.000000;13;False;False;1.000000
Math;64b;0.250000;1;clear;0.000000;0;False;True;0.250000
Math;65b;1.000000;8;clear;1.000000;34;False;False;1.000000
Math;66b;1.000000;60;clear;1.000000;123;False;False;1.000000
Math;67b;1.000000;19;clear;1.000000;39;False;False;1.000000
Math;68b;0.250000;4;clear;0.000000;0;False;True;0.250000
Math;69b;0.666667;3;clear;0.000000;0;False;True;0.666667
Math;6b;1.000000;84;clear;1.000000;96;False;False;1.000000
Math;70b;0.006452;2;clear;0.000000;0;False;True;0.006452
Math;71b;1.000000;12;clear;1.000000;9;False;False;1.000000
Math;72b;1.000000;14;clear;0.000000;0;False;True;1.000000
Math;73b;1.000000;10;clear;0.000000;0;False;True;1.000000
Math;74b;1.000000;1;clear;1.000000;7;False;False;1.000000
Math;75b;0.333333;3;clear;0.000000;0;False;True;0.333333
Math;76b;0.666667;2;clear;0.666667;6;False;False;0.666667
Math;77b;1.000000;13;clear;1.000000;36;False;False;1.000000
Math;78b;0.333333;7;clear;0.000000;0;False;True;0.333333
Math;79b;1.000000;2;clear;0.000000;0;False;True;1.000000
Math;7b;1.000000;1;clear;0.000000;0;False;True;1.000000
Math;80b;1.000000;51;clear;1.000000;103;False;False;1.000000
Math;81b;0.333333;11;clear;0.333333;11;False;False;0.333333
Math;82b;0.500000;1;clear;0.000000;0;False;True;0.500000
Math;83b;0.250000;1;clear;0.250000;3;False;False;0.250000
Math;84b;0.500000;10;clear;0.500000;29;False;False;0.500000
Math;85b;1.000000;11;clear;0.000000;0;False;True;1.000000
Math;86b;0.250000;6;clear;0.250000;24;False;False;0.250000
Math;87b;0.500000;3;clear;0.000000;0;False;True;0.500000
Math;88b;0.500000;1;clear;0.000000;0;False;True;0.500000
Math;8b;0.333333;1;clear;0.333333;17;False;False;0.333333
Math;90b;0.000000;0;notclear;0.166667;4;True;False;0.166667
Math;91b;1.000000;6;clear;1.000000;2;False;False;1.000000
Math;92b;0.500000;6;clear;0.500000;1;False;False;0.500000
Math;93b;1.000000;3;clear;0.000000;0;False;True;1.000000
Math;94b;1.000000;2;clear;0.000000;0;False;True;1.000000
Math;95b;0.500000;2;clear;0.500000;3;False;False;0.500000
Math;96b;0.500000;4;clear;0.000000;0;False;True;0.500000
Math;97b;1.000000;1;clear;1.000000;2;False;False;1.000000
Math;98b;0.058824;2;clear;0.058824;1;False;False;0.058824
Math;99b;1.000000;9;clear;1.000000;3;False;False;1.000000
Math;9b;0.037037;8;clear;0.000000;0;False;True;0.037037
Mockito;10b;0.040000;2;clear;0.000000;0;False;True;0.040000
Mockito;11b;0.002621;1;clear;0.002621;2;False;False;0.002621
Mockito;12b;0.750000;2;clear;0.000000;0;False;True;0.750000
Mockito;13b;1.000000;2;clear;0.000000;0;False;True;1.000000
Mockito;14b;0.076923;2;clear;0.000000;0;False;True;0.076923
Mockito;15b;0.071429;10;clear;0.071429;10;False;False;0.071429
Mockito;16b;0.500000;3;clear;0.000000;0;False;True;0.500000
Mockito;17b;0.066667;3;clear;0.066667;9;False;False;0.066667
Mockito;18b;0.002110;1;clear;0.002110;4;False;False;0.002110
Mockito;19b;0.166667;2;clear;0.000000;0;False;True;0.166667
Mockito;1b;1.000000;5;clear;0.000000;0;False;True;1.000000
Mockito;20b;1.000000;5;clear;0.000000;0;False;True;1.000000
Mockito;21b;0.500000;4;clear;0.000000;0;False;True;0.500000
Mockito;22b;1.000000;1;clear;0.000000;0;False;True;1.000000
Mockito;23b;1.000000;2;clear;0.000000;0;False;True;1.000000
Mockito;24b;0.333333;3;clear;0.000000;0;False;True;0.333333
Mockito;25b;0.800000;2;clear;0.000000;0;False;True;0.800000
Mockito;26b;0.400000;2;clear;0.000000;0;False;True;0.400000
Mockito;27b;0.076923;2;clear;0.000000;0;False;True;0.076923
Mockito;28b;0.500000;2;clear;0.000000;0;False;True;0.500000
Mockito;29b;0.500000;2;clear;0.000000;0;False;True;0.500000
Mockito;2b;0.005935;3;clear;0.000000;0;False;True;0.005935
Mockito;30b;0.100000;6;clear;0.100000;2;False;False;0.100000
Mockito;31b;0.250000;2;clear;0.000000;0;False;True;0.250000
Mockito;32b;0.066667;4;clear;0.066667;3;False;False;0.066667
Mockito;33b;0.125000;1;clear;0.000000;0;False;True;0.125000
Mockito;34b;0.166667;2;clear;0.166667;1;False;False;0.166667
Mockito;35b;0.018779;2;clear;0.018779;2;False;False;0.018779
Mockito;36b;0.019231;4;clear;0.000000;0;False;True;0.019231
Mockito;37b;0.031746;1;clear;0.000000;0;False;True;0.031746
Mockito;38b;0.047619;1;clear;0.000000;0;False;True;0.047619
Mockito;3b;0.857143;1;clear;0.857143;1;False;False;0.857143
Mockito;4b;0.076923;1;clear;0.000000;0;False;True;0.076923
Mockito;5b;0.500000;4;clear;0.500000;7;False;False;0.500000
Mockito;6b;1.000000;2;clear;0.000000;0;False;True;1.000000
Mockito;7b;1.000000;2;clear;0.000000;0;False;True;1.000000
Mockito;8b;0.040000;8;clear;0.000000;0;False;True;0.040000
Mockito;9b;0.750000;2;clear;0.000000;0;False;True;0.750000
Time;10b;1.000000;2;clear;0.000000;0;False;True;1.000000
Time;11b;1.000000;10;clear;1.000000;9;False;False;1.000000
Time;12b;1.000000;4;clear;0.000000;0;False;True;1.000000
Time;13b;0.500000;4;clear;0.000000;0;False;True;0.500000
Time;14b;1.000000;1;clear;0.000000;0;False;True;1.000000
Time;15b;1.000000;1;clear;0.000000;0;False;True;1.000000
Time;16b;0.700000;2;clear;0.000000;0;False;True;0.700000
Time;17b;0.333333;2;clear;0.333333;7;False;False;0.333333
Time;18b;0.090909;1;clear;0.000000;0;False;True;0.090909
Time;19b;0.040000;5;clear;0.000000;0;False;True;0.040000
Time;1b;1.000000;1;clear;1.000000;3;False;False;1.000000
Time;20b;0.166667;3;clear;0.000000;0;False;True;0.166667
Time;22b;0.200000;2;clear;0.000000;0;False;True;0.200000
Time;23b;0.500000;2;clear;0.500000;4;False;False;0.500000
Time;24b;0.777778;4;clear;0.000000;0;False;True;0.777778
Time;25b;0.333333;5;clear;0.000000;0;False;True;0.333333
Time;26b;1.000000;5;clear;0.000000;0;False;True;1.000000
Time;27b;1.000000;7;clear;0.000000;0;False;True;1.000000
Time;2b;0.500000;1;clear;0.500000;3;False;False;0.500000
Time;3b;0.333333;4;clear;0.000000;0;False;True;0.333333
Time;4b;0.333333;2;clear;0.000000;0;False;True;0.333333
Time;5b;0.500000;1;clear;0.000000;0;False;True;0.500000
Time;6b;1.000000;7;clear;0.000000;0;False;True;1.000000
Time;7b;1.000000;4;clear;1.000000;2;False;False;1.000000
Time;8b;1.000000;1;clear;1.000000;1;False;False;1.000000
Time;9b;1.000000;2;clear;1.000000;1;False;False;1.000000
